image,transform,align_score,mode,status
2022_03_21_11_02_58_05,id,2392,cellwise,ok
2022_03_21_11_02_58_14,id,3238,cellwise,ok
2022_03_21_11_02_58_22,id,0,cellwise,empty
2022_03_21_11_02_58_31,id,0,cellwise,empty
2022_03_21_11_02_58_39,id,2857,cellwise,ok
2022_03_21_11_02_58_47,id,4595,cellwise,ok
2022_03_21_11_02_58_56,id,0,cellwise,empty
2022_03_21_11_02_58_64,id,0,cellwise,empty
2022_03_21_11_02_58_72,id,0,cellwise,empty
2022_03_21_11_02_58_89,id,0,cellwise,empty
2022_03_21_11_02_58_98,id,0,cellwise,empty
2022_03_21_11_02_59_14,id,0,cellwise,empty
2022_03_21_11_02_59_23,id,3146,cellwise,ok
2022_03_21_11_02_59_32,id,0,cellwise,empty
2022_03_21_11_02_59_40,id,3690,cellwise,ok
2022_03_21_11_02_59_48,id,2245,cellwise,ok
2022_03_21_11_02_59_57,id,3092,cellwise,ok
2022_03_21_11_02_59_65,id,0,cellwise,empty
2022_03_21_11_02_59_73,id,0,cellwise,empty
2022_03_21_11_02_59_82,id,0,cellwise,empty
2022_03_21_11_02_59_90,id,0,cellwise,empty
2022_03_21_11_02_59_98,transpose,2693,cellwise,ok
2022_03_21_11_03_00_36,id,0,cellwise,empty
2022_03_21_11_03_00_42,id,0,cellwise,empty
2022_03_21_11_03_00_49,id,2191,cellwise,ok
2022_03_21_11_03_00_57,id,0,cellwise,empty
2022_03_21_11_03_00_65,id,0,cellwise,empty
2022_03_21_11_03_00_73,id,4456,cellwise,ok
2022_03_21_11_03_00_82,id,2512,cellwise,ok
2022_03_21_11_03_00_90,id,6213,cellwise,ok
2022_03_21_11_03_00_98,id,2516,cellwise,ok
2022_03_21_11_03_01_07,id,1632,cellwise,ok
2022_03_21_11_03_01_15,id,2298,cellwise,ok
2022_03_21_11_03_01_23,id,0,cellwise,empty
2022_03_21_11_03_01_32,id,5592,cellwise,ok
2022_03_21_11_03_01_40,id,0,cellwise,empty
2022_03_21_11_03_01_57,id,2489,cellwise,ok
2022_03_21_11_03_01_70,id,2596,cellwise,ok
2022_03_21_11_03_01_77,id,1857,cellwise,ok
2022_03_21_11_03_01_84,id,0,cellwise,empty
2022_03_21_11_03_01_90,id,0,cellwise,empty
2022_03_21_11_03_02_11,id,0,cellwise,empty
2022_03_21_11_03_02_17,id,6011,cellwise,ok
2022_03_21_11_03_02_31,id,0,cellwise,empty
2022_03_21_11_03_02_39,id,0,cellwise,empty
2022_03_21_11_03_02_47,id,0,cellwise,empty
2022_03_21_11_03_02_56,id,1796,cellwise,ok
2022_03_21_11_03_02_72,id,0,cellwise,empty
2022_03_21_11_03_02_81,id,0,cellwise,empty
2022_03_21_11_03_02_89,id,3206,cellwise,ok
2022_03_21_11_03_02_97,id,0,cellwise,empty
2022_03_21_11_03_03_06,id,1794,cellwise,ok
2022_03_21_11_03_03_14,id,2509,cellwise,ok
2022_03_21_11_03_03_23,id,0,cellwise,empty
2022_03_21_11_03_03_31,id,0,cellwise,empty
2022_03_21_11_03_03_40,id,0,cellwise,empty
2022_03_21_11_03_03_48,id,0,cellwise,empty
2022_03_21_11_03_03_56,id,0,cellwise,empty
2022_03_21_11_03_03_65,id,3521,cellwise,ok
2022_03_21_11_03_03_73,id,0,cellwise,empty
2022_03_21_11_03_03_82,id,0,cellwise,empty
2022_03_21_11_03_03_90,id,0,cellwise,empty
2022_03_21_11_03_04_05,id,2811,cellwise,ok
2022_03_21_11_03_04_13,id,0,cellwise,empty
2022_03_21_11_03_04_19,id,2735,cellwise,ok
2022_03_21_11_03_04_26,id,0,cellwise,empty
2022_03_21_11_03_04_33,id,2788,cellwise,ok
2022_03_21_11_03_04_46,id,2954,cellwise,ok
2022_03_21_11_03_04_52,id,0,cellwise,empty
2022_03_21_11_03_04_60,id,5982,cellwise,ok
2022_03_21_11_03_04_73,id,3078,cellwise,ok
2022_03_21_11_03_04_79,id,0,cellwise,empty
2022_03_21_11_03_04_93,id,2890,cellwise,ok
2022_03_21_11_03_05_06,id,2715,cellwise,ok
2022_03_21_11_03_05_20,id,0,cellwise,empty
2022_03_21_11_03_05_26,id,2740,cellwise,ok
2022_03_21_11_03_05_34,id,5040,cellwise,ok
2022_03_21_11_03_05_41,id,5387,cellwise,ok
2022_03_21_11_03_05_50,id,0,cellwise,empty
2022_03_21_11_03_05_58,id,0,cellwise,empty
2022_03_21_11_03_05_66,id,0,cellwise,empty
2022_03_21_11_03_05_75,id,0,cellwise,empty
2022_03_21_11_03_05_83,id,2934,cellwise,ok
2022_03_21_11_03_05_91,id,0,cellwise,empty
2022_03_21_11_03_06_00,id,0,cellwise,empty
2022_03_21_11_03_06_08,id,3083,cellwise,ok
2022_03_21_11_03_06_16,id,0,cellwise,empty
2022_03_21_11_03_06_25,id,2047,cellwise,ok
2022_03_21_11_03_06_33,id,0,cellwise,empty
2022_03_21_11_03_06_42,id,0,cellwise,empty
2022_03_21_11_03_06_50,id,0,cellwise,empty
2022_03_21_11_03_06_59,id,0,cellwise,empty
2022_03_21_11_03_06_67,id,0,cellwise,empty
2022_03_21_11_03_06_75,id,2067,cellwise,ok
2022_03_21_11_03_06_84,id,0,cellwise,empty
2022_03_21_11_03_06_92,id,4604,cellwise,ok
2022_03_21_11_03_07_08,id,3029,cellwise,ok
2022_03_21_11_03_07_22,id,2791,cellwise,ok
2022_03_21_11_03_07_28,id,3296,cellwise,ok
2022_03_21_11_03_07_35,id,0,cellwise,empty
2022_03_21_11_03_07_42,id,0,cellwise,empty
2022_03_21_11_03_07_51,id,6450,cellwise,ok
2022_03_21_11_03_07_59,id,0,cellwise,empty
2022_03_21_11_03_07_67,id,0,cellwise,empty
2022_03_21_11_03_07_76,id,0,cellwise,empty
2022_03_21_11_03_07_85,id,0,cellwise,empty
2022_03_21_11_03_08_10,id,0,cellwise,empty
2022_03_21_11_03_08_22,id,5083,cellwise,ok
2022_03_21_11_03_08_29,id,5172,cellwise,ok
2022_03_21_11_03_08_36,id,0,cellwise,empty
2022_03_21_11_03_08_43,id,0,cellwise,empty
2022_03_21_11_03_08_50,id,0,cellwise,empty
2022_03_21_11_03_08_67,id,0,cellwise,empty
2022_03_21_11_03_08_92,id,0,cellwise,empty
2022_03_21_11_03_09_01,id,0,cellwise,empty
2022_03_21_11_03_09_09,fliplr,3390,cellwise,ok
2022_03_21_11_03_09_17,id,2558,cellwise,ok
2022_03_21_11_03_09_35,id,2051,cellwise,ok
2022_03_21_11_03_09_43,id,0,cellwise,empty
2022_03_21_11_03_09_51,flipud,3502,cellwise,ok
2022_03_21_11_03_09_60,id,3006,cellwise,ok
2022_03_21_11_03_09_68,id,0,cellwise,empty
2022_03_21_11_03_09_85,id,0,cellwise,empty
2022_03_21_11_03_09_93,id,0,cellwise,empty
2022_03_21_11_03_10_01,id,0,cellwise,empty
2022_03_21_11_03_10_10,id,0,cellwise,empty
2022_03_21_11_03_10_18,id,0,cellwise,empty
2022_03_21_11_03_10_26,id,0,cellwise,empty
2022_03_21_11_03_10_35,id,0,cellwise,empty
2022_03_21_11_03_10_43,id,0,cellwise,empty
2022_03_21_11_03_10_58,id,0,cellwise,empty
2022_03_21_11_03_10_65,id,2902,cellwise,ok
2022_03_21_11_03_10_71,id,0,cellwise,empty
2022_03_21_11_03_10_78,id,0,cellwise,empty
2022_03_21_11_03_10_85,id,0,cellwise,empty
2022_03_21_11_03_11_01,id,0,cellwise,empty
2022_03_21_11_03_11_09,id,0,cellwise,empty
2022_03_21_11_03_11_18,id,0,cellwise,empty
2022_03_21_11_03_11_35,id,0,cellwise,empty
2022_03_21_11_03_11_51,id,0,cellwise,empty
2022_03_21_11_03_11_60,id,0,cellwise,empty
2022_03_21_11_03_11_68,id,0,cellwise,empty
2022_03_21_11_03_11_77,id,0,cellwise,empty
2022_03_21_11_03_11_85,id,0,cellwise,empty
2022_03_21_11_03_11_93,id,0,cellwise,empty
2022_03_21_11_03_12_02,id,2866,cellwise,ok
2022_03_21_11_03_12_11,id,0,cellwise,empty
2022_03_21_11_03_12_19,id,2040,cellwise,ok
2022_03_21_11_03_12_27,id,2487,cellwise,ok
2022_03_21_11_03_12_36,id,0,cellwise,empty
2022_03_21_11_03_12_44,id,0,cellwise,empty
2022_03_21_11_03_12_52,id,1974,cellwise,ok
2022_03_21_11_03_12_74,id,2498,cellwise,ok
2022_03_21_11_03_12_80,id,0,cellwise,empty
2022_03_21_11_03_12_88,id,0,cellwise,empty
2022_03_21_11_03_12_97,id,2991,cellwise,ok
2022_03_21_11_03_13_05,id,0,cellwise,empty
2022_03_21_11_03_13_13,id,0,cellwise,empty
2022_03_21_11_03_13_22,id,0,cellwise,empty
2022_03_21_11_03_13_30,id,0,cellwise,empty
2022_03_21_11_03_13_47,id,0,cellwise,empty
2022_03_21_11_03_13_55,id,7452,cellwise,ok
2022_03_21_11_03_13_63,id,0,cellwise,empty
2022_03_21_11_03_13_70,id,0,cellwise,empty
2022_03_21_11_03_13_79,id,0,cellwise,empty
2022_03_21_11_03_15_30,id,3370,cellwise,ok
2022_03_21_11_03_21_99,id,0,cellwise,empty
2022_03_21_11_03_23_67,rot90,1608,cellwise,ok
2022_03_21_11_03_25_34,id,0,cellwise,empty
2022_03_21_11_03_27_01,id,5299,cellwise,ok
2022_03_21_11_03_28_69,id,3830,cellwise,ok
2022_03_21_11_03_30_36,id,0,cellwise,empty
2022_03_21_11_03_32_03,id,0,cellwise,empty
2022_03_21_11_03_33_71,flipud,4111,cellwise,ok
2022_03_21_11_03_35_38,id,0,cellwise,empty
2022_03_21_11_03_37_06,id,0,cellwise,empty
2022_03_21_11_03_38_73,id,0,cellwise,empty
2022_03_21_11_03_40_40,id,0,cellwise,empty
2022_03_21_11_03_42_08,id,4895,cellwise,ok
2022_03_21_11_03_43_75,id,3442,cellwise,ok
2022_03_21_11_03_45_42,id,1785,cellwise,ok
2022_03_21_11_03_48_77,id,2502,cellwise,ok
2022_03_21_11_03_50_44,id,0,cellwise,empty
2022_03_21_11_03_52_12,id,0,cellwise,empty
2022_03_21_11_03_53_80,id,0,cellwise,empty
2022_03_21_11_03_57_14,id,0,cellwise,empty
2022_03_21_11_03_58_82,id,6045,cellwise,ok
2022_03_21_11_04_00_49,id,0,cellwise,empty
2022_03_21_11_04_02_16,id,2883,cellwise,ok
2022_03_21_11_04_03_83,id,0,cellwise,empty
2022_03_21_11_04_07_18,id,0,cellwise,empty
2022_03_21_11_04_08_86,id,0,cellwise,empty
2022_03_21_11_04_12_21,id,0,cellwise,empty
2022_03_21_11_04_13_88,id,1937,cellwise,ok
2022_03_21_11_04_15_55,id,0,cellwise,empty
2022_03_21_11_04_17_23,id,3068,cellwise,ok
2022_03_21_11_04_18_90,id,2516,cellwise,ok
2022_03_21_11_04_20_57,id,2842,cellwise,ok
2022_03_21_11_04_22_25,id,0,cellwise,empty
2022_03_21_11_04_23_92,id,3771,cellwise,ok
2022_03_21_11_04_27_27,id,0,cellwise,empty
2022_03_21_11_04_28_94,id,2599,cellwise,ok
2022_03_21_11_04_30_62,id,0,cellwise,empty
2022_03_21_11_04_33_96,id,0,cellwise,empty
2022_03_21_11_04_35_64,id,0,cellwise,empty
2022_03_21_11_04_37_31,id,0,cellwise,empty
2022_03_21_11_04_38_98,id,0,cellwise,empty
2022_03_21_11_04_40_66,id,2240,cellwise,ok
2022_03_21_11_04_42_34,id,3265,cellwise,ok
2022_03_21_11_04_44_01,id,0,cellwise,empty
2022_03_21_11_04_45_68,id,6777,cellwise,ok
2022_03_21_11_04_47_35,id,0,cellwise,empty
2022_03_21_11_04_49_03,id,2190,cellwise,ok
2022_03_21_11_04_50_70,id,2702,cellwise,ok
2022_03_21_11_04_54_05,id,2206,cellwise,ok
2022_03_21_11_04_55_72,id,0,cellwise,empty
2022_03_21_11_04_57_40,id,0,cellwise,empty
2022_03_21_11_04_59_07,id,1870,cellwise,ok
2022_03_21_11_05_00_75,id,1973,cellwise,ok
2022_03_21_11_05_02_42,id,0,cellwise,empty
2022_03_21_11_05_05_77,id,0,cellwise,empty
